{
  "qa_pair_id": "63521_q1",
  "total_iterations": 4,
  "rouge_progression": [
    0.03501945525291829,
    0.08450704225352111,
    0.02404809619238477,
    0.050682261208577
  ],
  "final_rouge": 0.050682261208577,
  "rouge_improvement": 0.015662805955658714,
  "iterations_summary": [
    {
      "iteration": 0,
      "rouge_score": 0.03501945525291829,
      "has_error": false
    },
    {
      "iteration": 1,
      "rouge_score": 0.08450704225352111,
      "has_error": false
    },
    {
      "iteration": 2,
      "rouge_score": 0.02404809619238477,
      "has_error": false
    },
    {
      "iteration": 3,
      "rouge_score": 0.050682261208577,
      "has_error": false
    }
  ]
}